{
  "todos": [
    {
      "idTask": 0.691273036921606,
      "titleTask": "opaa",
      "durationTask": 3,
      "completedTask": true,
      "id": 0.3660768429405268
    }
  ]
}