{
  "todos": [
    {
      "idTask": 0.4465085030061222,
      "titleTask": "",
      "durationTask": 0,
      "completedTask": true,
      "id": 0.3837140813753206
    },
    {
      "idTask": 0.7611274508167305,
      "titleTask": "Academia",
      "durationTask": 0,
      "completedTask": true,
      "id": 0.6502666504049579
    },
    {
      "idTask": 0.6544569447370372,
      "titleTask": "opaaa",
      "durationTask": 7,
      "completedTask": true,
      "id": 0.13154293611535972
    },
    {
      "titleTask": "correr",
      "durationTask": 0.5,
      "completedTask": false,
      "id": 0.21077522068605758
    }
  ]
}